id,LSTM
0,0.35799530278012787
1,0.39536069664723894
2,0.4383936244484872
3,0.5124262010418351
4,0.5460795420421589
5,0.5887844871360562
6,0.9076907262665377
7,0.7433139015002576
8,0.9091776386353675
9,1.0258799415697744
10,0.9795202244034908
11,1.5242787799390178
12,1.586507013601515
13,1.7141584525080056
14,1.9483271192650993
15,1.9142155879525693
16,2.1733015899822576
17,2.123974287849236
18,2.6287295572732803
19,1.9166316210465701
