id,LSTM
0,0.33828177876971316
1,0.3751690210485883
2,0.37650119660323084
3,0.8454633212903867
4,0.4867368311045373
5,0.6537208660234256
6,0.8937042184204181
7,0.8074254489550539
8,0.9761407935437475
9,1.0321015124844846
10,1.2577925775367806
11,1.3445508432007711
12,1.6666970652612187
13,1.4517088924254549
14,1.7666630934869378
15,1.8745409393124637
16,1.8566527015568088
17,1.9911437326450774
18,2.1810829975198307
19,1.9166316210465701
