id,LSTM
0,0.39432022963770447
1,0.41083383323716727
2,0.4376066220770679
3,0.5494942474216582
4,0.5446662445721921
5,0.5859934817265902
6,0.9813522748860705
7,1.065874080289073
8,1.2205630208417826
9,1.140169725739177
10,1.3812864762591732
11,1.7359216508168018
12,1.7299418997790075
13,1.9068437464645047
14,2.0594285497631875
15,2.162715330759714
16,1.796763275402227
17,1.855013405805495
18,2.568349745727686
19,1.9166316210465701
