id,LSTM
0,0.37190180633970066
1,0.39577524496292454
2,0.43962538348076546
3,0.4829021161927063
4,0.7548108999121111
5,0.6163930675635981
6,0.667416049953177
7,0.9023675519782818
8,0.939737825842979
9,1.017273310807538
10,1.1999904852669518
11,1.3473209545157627
12,1.456799388336909
13,1.5744158170935452
14,1.9060478049155094
15,1.7172427208638206
16,2.1623037475469977
17,1.9192477943638846
18,2.198108161346775
19,1.9166316210465701
