id,LSTM
0,0.34759541008034184
1,0.32000739669584327
2,0.304276821574434
3,0.30182196297717256
4,0.3547315405614877
5,0.35382255357669584
6,0.5692302873115966
7,0.5866260459963298
8,0.6872389622517533
9,0.8273357478448822
10,0.9819349377260174
11,1.2075765208156246
12,1.392355529911744
13,1.5378519338911318
14,1.5758157699101407
15,1.7664568182562903
16,2.0893910867927126
17,2.111848531722478
18,2.5249148029789206
19,1.9166316210465701
