id,LSTM
0,0.3617964042935593
1,0.3814190455666823
2,0.4184027683290573
3,0.46121305676124297
4,0.523001832242939
5,0.5626141764785099
6,0.5244417024751847
7,0.7178906230314112
8,0.9966775453339443
9,1.0194052833187943
10,1.0490828224092106
11,1.4045016225090432
12,1.4681337063697526
13,1.4063888501084871
14,1.5908220231962291
15,1.9875224010440093
16,2.280695835167225
17,1.9526275237867263
18,2.425373197531185
19,1.9166316210465701
