id,LSTM
0,0.3044621811465694
1,0.30355779539250577
2,0.3185009263356041
3,0.347549399679382
4,0.3988712261727266
5,0.4586526301021491
6,0.5418098383374649
7,0.6288187700825759
8,0.7289059553676127
9,0.8679910994557176
10,0.9635953884218006
11,1.2353996371624902
12,1.2296938369751629
13,1.448612390701316
14,1.8379899241275537
15,1.69740959909425
16,2.2771664973850823
17,2.0194972305556598
18,2.0565661989935253
19,1.9166316210465701
