id,LSTM
0,0.3372218783673146
1,0.34305490419723006
2,0.3495659667558085
3,1.047130686321869
4,0.46145190571270994
5,0.44952659858538063
6,0.4866524714956999
7,0.5710678569447599
8,0.6445039393487271
9,0.9818524677077555
10,0.9243411549961671
11,1.1912263473092564
12,1.333655809808627
13,1.4521234582159073
14,1.7406302838261989
15,1.9812761740220388
16,2.0387912703307522
17,1.9854456834327499
18,1.870767246397749
19,1.9166316210465701
