id,LSTM
0,0.39127805691955325
1,0.920209270761093
2,0.5189382500305157
3,0.4999249992402354
4,0.5566643131286266
5,0.6868695457487666
6,0.7290138981935548
7,0.8056829677988251
8,0.8840726686480771
9,1.1062940619082056
10,1.2215721324375248
11,1.483827573179758
12,1.4746262964271193
13,1.6558911805549557
14,1.8357090115819708
15,1.8215161931609074
16,2.3450802867272396
17,1.8847760050982183
18,2.665325942470355
19,1.9166316210465701
