id,LSTM
0,0.3530301573202744
1,0.3523743926188474
2,1.0161898271796153
3,0.3975739256429845
4,0.7322902923933087
5,0.6596811558843027
6,0.6879155041041545
7,0.8832446797932645
8,1.045763836436773
9,1.189699108882767
10,1.474614030006401
11,1.4698604377087459
12,1.656179507297254
13,1.6803527793069306
14,1.6133729017372604
15,1.9625293195487863
16,2.345232851749303
17,2.4711287178896186
18,2.4845941527072624
19,1.9166316210465701
