id,DeepAR
0,0.4220684850010811
1,0.4573255286986113
2,0.4995534179271426
3,0.5822643824726457
4,0.6664182029173447
5,0.747507703045488
6,0.8961751407178496
7,0.966030611491914
8,1.0612106580584464
9,1.1211976934520576
10,1.2141375143177318
11,1.3327237404806735
12,1.5413929740640366
13,1.7525945365206512
14,1.9138447088287345
15,1.9949998485440419
16,2.126205847459439
17,2.259906212000122
18,2.528426494804274
19,2.586928923552011
