id,DeepAR
0,0.385564857770545
1,0.40205008577251317
2,0.5415503432029206
3,0.7671782086336089
4,0.9585474047410634
5,1.0756762933878732
6,1.3406768026952418
7,1.5180296420368622
8,1.632726431787547
9,1.8089282288738446
10,1.9889756682071358
11,2.102462032835227
12,2.1293667624108163
13,2.247213472895324
14,2.2455109236758926
15,2.34649090103576
16,2.4439720174163533
17,2.5636216567481824
18,2.576219233307438
19,2.586928923552011
