id,DeepAR
0,0.38125675534651443
1,0.4290732491563031
2,0.5235893851015186
3,0.5936533513285182
4,0.7306101431233604
5,0.8580321588648948
6,0.9578997625859589
7,1.0916720170443621
8,1.1700189875148652
9,1.2217136336272492
10,1.3712987404506507
11,1.501387623986122
12,1.6087871749315314
13,1.7233324869600681
14,1.8647627717542796
15,2.0304264120928326
16,2.1827886988177347
17,2.279104528907981
18,2.453618712587137
19,2.586928923552011
