id,DeepAR
0,0.41896754079500786
1,0.4082117576530089
2,0.4981157146128174
3,0.6092425657136646
4,0.6811172841989751
5,0.8113605054369227
6,0.9227597924790094
7,1.143749713081469
8,1.2672907457768334
9,1.488958847907178
10,1.6153223279719073
11,1.7305181801738154
12,1.8373351521134957
13,1.9708598858612631
14,2.075050646127407
15,2.144640828774439
16,2.1900687356182815
17,2.4120715347882835
18,2.521376527047358
19,2.586928923552011
