id,DeepAR
0,0.32167171565380887
1,0.3041166131840801
2,0.3304073756704821
3,0.37456296122967286
4,0.46923249294878167
5,0.5620315539947919
6,0.6502438250134686
7,0.761217448735006
8,0.8783062693111043
9,1.0096550748152338
10,1.163246884524925
11,1.304896900563782
12,1.5354840159631709
13,1.6780787508072397
14,1.8405895387471074
15,2.0584349019602635
16,2.132130938947129
17,2.198620753929148
18,2.446773844654694
19,2.586928923552011
