id,DeepAR
0,0.37055807694044823
1,0.413269571698496
2,0.5181256046234127
3,0.6126748848793107
4,0.7108020699894256
5,0.823112863683159
6,0.9267572504112224
7,1.102662386398841
8,1.2116976859525665
9,1.3625100553238287
10,1.4863649239490941
11,1.6182664192684226
12,1.8893305313515698
13,2.038101509389109
14,2.100206531393711
15,2.180858495780323
16,2.2153589627874912
17,2.334300634754112
18,2.5615400614062267
19,2.586928923552011
