id,DeepAR
0,0.3517947340354911
1,0.35936948220941434
2,0.37545283622303466
3,0.4293072146060515
4,0.5337807175266371
5,0.6333810146324177
6,0.7458989024522154
7,0.9043542813958317
8,0.9210124946920636
9,1.0302625205691713
10,1.1870281373655611
11,1.3812370522934698
12,1.4842514041866954
13,1.6842538873175508
14,1.8509097582485114
15,1.9686026790187119
16,2.0999769763140703
17,2.2145537047733033
18,2.441059769976713
19,2.586928923552011
