id,DeepAR
0,0.39798496226125435
1,0.38854122539469615
2,0.3794261129069249
3,0.4188133812584048
4,0.48049449562678004
5,0.6181965509609758
6,0.7440598672945761
7,0.8489722873598669
8,0.8882862260716347
9,1.012146165008137
10,1.2131526820389855
11,1.347668418159538
12,1.5339676688074522
13,1.6894327683372241
14,1.8272349291309988
15,2.04963421897669
16,2.1168848338504564
17,2.198677015880447
18,2.4727845504203896
19,2.586928923552011
