id,DeepAR
0,0.39045140317201343
1,0.40088690273558886
2,0.39505716709891464
3,0.4261455184559307
4,0.5057643432380367
5,0.5606678535697412
6,0.6576857060597049
7,0.8424548576336601
8,1.0327563559915691
9,1.1803451335586281
10,1.3574603193761892
11,1.4823743473674522
12,1.6757546785441944
13,1.9596060578994754
14,2.0572470766442286
15,2.1208059748486323
16,2.2320625294183767
17,2.3387227429255075
18,2.588560166540076
19,2.586928923552011
