id,DeepAR
0,0.37138980445631353
1,0.4115057282117237
2,0.5028004983469333
3,0.6026008842626501
4,0.7527772203194573
5,0.9151512617637003
6,1.0670446673061484
7,1.0676696567227713
8,1.1939560679056467
9,1.362010930127176
10,1.4878900088559517
11,1.5949294420548512
12,1.7875910331257356
13,1.9331746541700319
14,2.004418190279331
15,2.099777370248926
16,2.169994186840061
17,2.314840146098026
18,2.530162296300285
19,2.586928923552011
